{"author_email":"bornjre@gmail.com","author_name":"Bornjre","author_site":"https://github.com/bornjre","developer":{"build_command":"cd ui \u0026\u0026 { [ -d node_modules ] || bun install; } \u0026\u0026 bun run build","include_files":["ui/dist/**/*,public","server.lua","init/init.html,public/init.html","init/schema.sql,schema.sql"],"output_zip_file":"package.spk.zip","server_url":"http://localhost:7777","token_env":"SIMPLE_DEV_TOKEN"},"format_version":"0.0.2","info":"Simple Datatable app","license":"MIT","name":"Simple Datatable","slug":"cimple-table","spaces":[{"executor_type":"luaz","is_default":true,"namespace":"cimple-table","route_options":{"force_html_extension":false,"force_index_html_file":true,"on_not_found_file":"index.html","serve_folder":"public"},"server_file":"server.lua"}],"special_pages":{"init_page":"init.html","update_page":"update_1.html"},"tags":["accounting","books"],"version":"0.0.1"}