{"author_email":"bornjre@gmail.com","author_name":"Bornjre","author_site":"https://github.com/bornjre","developer":{"include_files":["public/*,public"],"output_zip_file":"package.spk.zip","server_url":"http://localhost:7777","token_env":"SIMPLE_DEV_TOKEN"},"format_version":"0.0.2","info":"Talha - Crossy Road Game Clone (https://github.com/he-is-talha/html-css-javascript-games)","license":"MIT","name":"Talha - Crossy Road","slug":"talha-crossy-road","spaces":[{"executor_type":"luaz","is_default":true,"namespace":"talha-crossy-road","route_options":{"force_html_extension":false,"force_index_html_file":true,"on_not_found_file":"index.html","router_type":"simple","serve_folder":"public"},"server_file":"server.lua"}],"tags":["entertainment","game"],"version":"0.0.2"}