{"author_email":"bornjre@gmail.com","author_name":"Bornjre","author_site":"https://github.com/bornjre","capabilities":[{"name":"easy-ws","spaces":["cimple-gis"],"type":"easy-ws"}],"developer":{"build_command":"cd ui \u0026\u0026 { [ -d node_modules ] || bun install; } \u0026\u0026 bun run build","include_files":["ui/dist/**/*,public","server.lua","init/init.html,public/init.html","init/schema.sql,schema.sql","meta/spec.json,spec.json"],"output_zip_file":"package.spk.zip","server_url":"http://localhost:7777","token_env":"SIMPLE_DEV_TOKEN"},"format_version":"0.0.2","info":"Simple GIS app","license":"MIT","name":"Simple GIS","slug":"cimple-gis","spaces":[{"executor_type":"luaz","is_default":true,"namespace":"cimple-gis","route_options":{"force_html_extension":false,"force_index_html_file":true,"on_not_found_file":"index.html","serve_folder":"public"},"server_file":"server.lua"}],"special_pages":{"init_page":"init.html","update_page":"update_1.html"},"tags":["gis"],"version":"0.0.2"}